USE RamenInstrumentPlant;
GO

-- Отделы (15 записей)
INSERT INTO Departments (DepartmentName, Location) VALUES
(N'Производственный цех №1', N'Корпус А'),
(N'Производственный цех №2', N'Корпус Б'),
(N'Производственный цех №3', N'Корпус В'),
(N'Производственный цех №4', N'Корпус Г'),
(N'Отдел контроля качества', N'Корпус А, эт. 2'),
(N'Склад готовой продукции', N'Корпус С'),
(N'Склад комплектующих', N'Корпус С, ангар 1'),
(N'Инженерный отдел', N'Главное здание, эт. 3'),
(N'Отдел НИОКР', N'Лабораторный корпус'),
(N'Администрация', N'Главное здание, эт. 1'),
(N'Отдел логистики', N'Корпус Л'),
(N'Служба технической поддержки', N'Корпус Т'),
(N'Отдел кадров', N'Главное здание, эт. 2'),
(N'Бухгалтерия', N'Главное здание, эт. 2'),
(N'Отдел охраны труда', N'Корпус ОТ');

-- Сотрудники (ровно 5 записей)
INSERT INTO Employees (FullName, Position, HireDate, DepartmentID, RoleID) VALUES
(N'Иванов Иван Иванович', N'Ведущий инженер', '2020-03-15', 8, 2),
(N'Петрова Анна Сергеевна', N'Техник-наладчик', '2021-07-22', 1, 1),
(N'Сидоров Дмитрий Алексеевич', N'Инспектор ОТК', '2019-11-10', 5, 1),
(N'Кузнецова Елена Владимировна', N'Начальник склада', '2018-05-03', 6, 3),
(N'Морозов Артём Олегович', N'Оператор ЧПУ', '2022-01-14', 2, 1);

-- Оборудование (15 записей)
INSERT INTO Equipment (EquipmentName, SerialNumber, InstallationDate, DepartmentID) VALUES
(N'Токарный станок CNC-2000', N'CNC2000-001', '2020-01-10', 1),
(N'Фрезерный станок FZ-500', N'FZ500-002', '2020-02-15', 1),
(N'Лазерный резак LASER-PRO', N'LP-003', '2021-03-20', 2),
(N'Шлифовальный станок SH-100', N'SH100-004', '2021-04-05', 2),
(N'Контрольный стенд КС-101', N'KS101-005', '2020-05-12', 5),
(N'Погрузчик электрический', N'PL-006', '2021-06-18', 6),
(N'Печатная плата PnP-300', N'PNP300-007', '2022-01-10', 8),
(N'Термокамера ТК-50', N'TK50-008', '2022-02-22', 5),
(N'Сварочный робот SR-200', N'SR200-009', '2021-08-30', 3),
(N'Моечная установка MU-75', N'MU75-010', '2022-03-14', 4),
(N'Координатно-измерительная машина КИМ-400', N'KIM400-011', '2021-11-05', 5),
(N'Упаковочный автомат UA-120', N'UA120-012', '2022-05-20', 6),
(N'Гидравлический пресс ГП-10', N'GP10-013', '2020-09-17', 1),
(N'Вакуумная камера ВК-25', N'VK25-014', '2022-07-01', 9),
(N'Тестер электроники TE-88', N'TE88-015', '2021-10-12', 5);

-- Продукты (15 записей)
INSERT INTO Products (ProductName, ProductCode, ProductionStartDate, Description) VALUES
(N'Датчик давления ДИ-100', N'DI-100', '2022-01-01', N'Промышленный датчик давления'),
(N'Блок управления БУ-200', N'BU-200', '2022-02-15', N'Электронный блок управления'),
(N'Индикатор уровня ИУ-300', N'IU-300', '2022-03-10', N'Оптический индикатор уровня'),
(N'Модуль связи МС-400', N'MS-400', '2022-04-05', N'Радиомодуль передачи данных'),
(N'Контроллер КТ-500', N'KT-500', '2022-05-12', N'Программируемый логический контроллер'),
(N'Датчик температуры ДТ-60', N'DT-60', '2022-06-20', N'Термодатчик для АЭС'),
(N'Блок питания БП-70', N'BP-70', '2022-07-18', N'Импульсный блок питания 24В'),
(N'Сигнализатор СГ-80', N'SG-80', '2022-08-22', N'Звуковой сигнализатор аварий'),
(N'Измеритель вибрации ИВ-90', N'IV-90', '2022-09-14', N'Прибор контроля вибрации'),
(N'Реле времени РВ-100', N'RV-100', '2022-10-03', N'Электронное реле задержки'),
(N'Анализатор газа АГ-110', N'AG-110', '2022-11-11', N'Портативный газоанализатор'),
(N'Преобразователь сигнала ПС-120', N'PS-120', '2022-12-05', N'Аналогово-цифровой преобразователь'),
(N'Терминал оператора ТО-130', N'TO-130', '2023-01-20', N'Панель управления с сенсорным экраном'),
(N'Датчик влажности ДВ-140', N'DV-140', '2023-02-14', N'Гигрометр промышленный'),
(N'Коммуникатор КМ-150', N'KM-150', '2023-03-01', N'Устройство связи с верхним уровнем');

-- Производственные заказы (15 записей)
INSERT INTO ProductionOrders (ProductID, OrderDate, PlannedCompletionDate, Quantity, Status) VALUES
(1, '2023-10-01', '2023-10-20', 50, N'В работе'),
(2, '2023-10-02', '2023-10-25', 30, N'В работе'),
(3, '2023-10-03', '2023-10-22', 25, N'Завершён'),
(4, '2023-10-04', '2023-10-30', 40, N'Новый'),
(5, '2023-10-05', '2023-11-05', 20, N'Новый'),
(6, '2023-10-06', '2023-10-28', 60, N'В работе'),
(7, '2023-10-07', '2023-11-10', 15, N'Новый'),
(8, '2023-10-08', '2023-10-26', 35, N'Завершён'),
(9, '2023-10-09', '2023-11-01', 45, N'В работе'),
(10, '2023-10-10', '2023-10-29', 55, N'В работе'),
(11, '2023-10-11', '2023-11-15', 10, N'Новый'),
(12, '2023-10-12', '2023-10-31', 70, N'В работе'),
(13, '2023-10-13', '2023-11-08', 22, N'Новый'),
(14, '2023-10-14', '2023-10-27', 18, N'Завершён'),
(15, '2023-10-15', '2023-11-12', 33, N'В работе');

-- Производственные операции (15 записей)
INSERT INTO ProductionOperations (OrderID, OperationName, EmployeeID, DepartmentID, PlannedStartDate, Status) VALUES
(1, N'Механическая обработка корпуса', 2, 1, '2023-10-02', N'В работе'),
(1, N'Сборка электронного блока', 1, 8, '2023-10-08', N'Запланировано'),
(2, N'Пайка компонентов', 5, 2, '2023-10-03', N'В работе'),
(2, N'Программирование ПО', 1, 8, '2023-10-10', N'Запланировано'),
(3, N'Финальная проверка', 3, 5, '2023-10-15', N'Завершено'),
(4, N'Изготовление платы', 1, 8, '2023-10-05', N'Запланировано'),
(5, N'Тестирование связи', 3, 5, '2023-10-06', N'Запланировано'),
(6, N'Обработка деталей', 2, 1, '2023-10-07', N'В работе'),
(7, N'Сборка корпуса', 5, 2, '2023-10-08', N'Запланировано'),
(8, N'Калибровка датчика', 3, 5, '2023-10-09', N'Завершено'),
(9, N'Монтаж электроники', 5, 2, '2023-10-10', N'В работе'),
(10, N'Проверка герметичности', 3, 5, '2023-10-11', N'В работе'),
(11, N'Установка ПО', 1, 8, '2023-10-12', N'Запланировано'),
(12, N'Фрезеровка деталей', 2, 1, '2023-10-13', N'В работе'),
(13, N'Упаковка', 4, 6, '2023-10-14', N'Запланировано');

-- Авторизация — 5 пользователей (по одному на сотрудника)
INSERT INTO Auth (Login, PasswordHash, EmployeeID) VALUES
('ivanov', '123456', 1),
('petrova', '123456', 2),
('sidorov', 'otk2023', 3),
('kuznetsova', 'sklad777', 4),
('morozov', '123456', 5);